Month,Pay Code,Positive Observations,Problems / Concerns Found,HR Remarks,Corrective Action Required,Management Comment,Final Monthly Status,Follow-up Date
Jun-26,253,Good attendance,Minor late coming ,Keep it up,Be punctual,Reviewed for monthly report generation (mock data).,Good,6/6/2026
Jun-26,169,Good teamwork,Communication issue,Needs improvement,Improve communication,Reviewed for monthly report generation (mock data).,Good,9/6/2026
Jun-26,277,Follows instructions,Delay in work,Improve performance,Complete work on time,Reviewed for monthly report generation (mock data).,Good,16/6/2026
Jun-26,254,Positive attitude,Attendance irregular,Attendance to improve,Maintain regular attendance,Reviewed for monthly report generation (mock data).,Good,23/6/2026
Jun-26,355,Good work quality,Time management issue,Manage time better,Plan daily tasks,Reviewed for monthly report generation (mock data).,Good,26/6/2026
,,,,,,,,
,,,,,,,,
,,,,,,,,
June 2026,63,Reliable monthly support recorded (mock data).,No major concerns recorded (mock data).,Monthly HR review completed (mock data).,No,Reviewed for monthly report generation (mock data).,Good,
June 2026,113,Reliable monthly support recorded (mock data).,No major concerns recorded (mock data).,Monthly HR review completed (mock data).,No,Reviewed for monthly report generation (mock data).,Good,
June 2026,144,Reliable monthly support recorded (mock data).,No major concerns recorded (mock data).,Monthly HR review completed (mock data).,No,Reviewed for monthly report generation (mock data).,Good,
June 2026,143,Reliable monthly support recorded (mock data).,No major concerns recorded (mock data).,Monthly HR review completed (mock data).,No,Reviewed for monthly report generation (mock data).,Good,
June 2026,132,Reliable monthly support recorded (mock data).,No major concerns recorded (mock data).,Monthly HR review completed (mock data).,No,Reviewed for monthly report generation (mock data).,Good,
June 2026,380,Reliable monthly support recorded (mock data).,No major concerns recorded (mock data).,Monthly HR review completed (mock data).,No,Reviewed for monthly report generation (mock data).,Good,
June 2026,199,Reliable monthly support recorded (mock data).,No major concerns recorded (mock data).,Monthly HR review completed (mock data).,No,Reviewed for monthly report generation (mock data).,Good,
June 2026,181,Reliable monthly support recorded (mock data).,No major concerns recorded (mock data).,Monthly HR review completed (mock data).,No,Reviewed for monthly report generation (mock data).,Good,
June 2026,223,Reliable monthly support recorded (mock data).,No major concerns recorded (mock data).,Monthly HR review completed (mock data).,No,Reviewed for monthly report generation (mock data).,Good,
June 2026,290,Reliable monthly support recorded (mock data).,No major concerns recorded (mock data).,Monthly HR review completed (mock data).,No,Reviewed for monthly report generation (mock data).,Good,
June 2026,307,Reliable monthly support recorded (mock data).,No major concerns recorded (mock data).,Monthly HR review completed (mock data).,No,Reviewed for monthly report generation (mock data).,Good,
June 2026,120,Reliable monthly support recorded (mock data).,No major concerns recorded (mock data).,Monthly HR review completed (mock data).,No,Reviewed for monthly report generation (mock data).,Good,
June 2026,361,Reliable monthly support recorded (mock data).,No major concerns recorded (mock data).,Monthly HR review completed (mock data).,No,Reviewed for monthly report generation (mock data).,Good,
June 2026,188,Reliable monthly support recorded (mock data).,No major concerns recorded (mock data).,Monthly HR review completed (mock data).,No,Reviewed for monthly report generation (mock data).,Good,
June 2026,279,Reliable monthly support recorded (mock data).,No major concerns recorded (mock data).,Monthly HR review completed (mock data).,No,Reviewed for monthly report generation (mock data).,Good,
June 2026,293,Reliable monthly support recorded (mock data).,No major concerns recorded (mock data).,Monthly HR review completed (mock data).,No,Reviewed for monthly report generation (mock data).,Good,
June 2026,298,Reliable monthly support recorded (mock data).,No major concerns recorded (mock data).,Monthly HR review completed (mock data).,No,Reviewed for monthly report generation (mock data).,Good,
June 2026,313,Reliable monthly support recorded (mock data).,No major concerns recorded (mock data).,Monthly HR review completed (mock data).,No,Reviewed for monthly report generation (mock data).,Good,
June 2026,319,Reliable monthly support recorded (mock data).,No major concerns recorded (mock data).,Monthly HR review completed (mock data).,No,Reviewed for monthly report generation (mock data).,Good,
June 2026,339,Reliable monthly support recorded (mock data).,No major concerns recorded (mock data).,Monthly HR review completed (mock data).,No,Reviewed for monthly report generation (mock data).,Good,
June 2026,352,Reliable monthly support recorded (mock data).,No major concerns recorded (mock data).,Monthly HR review completed (mock data).,No,Reviewed for monthly report generation (mock data).,Good,
June 2026,104,Reliable monthly support recorded (mock data).,No major concerns recorded (mock data).,Monthly HR review completed (mock data).,No,Reviewed for monthly report generation (mock data).,Good,
June 2026,353,Reliable monthly support recorded (mock data).,No major concerns recorded (mock data).,Monthly HR review completed (mock data).,No,Reviewed for monthly report generation (mock data).,Good,
June 2026,363,Reliable monthly support recorded (mock data).,No major concerns recorded (mock data).,Monthly HR review completed (mock data).,No,Reviewed for monthly report generation (mock data).,Good,
June 2026,100,Reliable monthly support recorded (mock data).,No major concerns recorded (mock data).,Monthly HR review completed (mock data).,No,Reviewed for monthly report generation (mock data).,Good,
June 2026,213,Reliable monthly support recorded (mock data).,No major concerns recorded (mock data).,Monthly HR review completed (mock data).,No,Reviewed for monthly report generation (mock data).,Good,
June 2026,259,Reliable monthly support recorded (mock data).,No major concerns recorded (mock data).,Monthly HR review completed (mock data).,No,Reviewed for monthly report generation (mock data).,Good,
June 2026,316,Reliable monthly support recorded (mock data).,No major concerns recorded (mock data).,Monthly HR review completed (mock data).,No,Reviewed for monthly report generation (mock data).,Good,
June 2026,326,Reliable monthly support recorded (mock data).,No major concerns recorded (mock data).,Monthly HR review completed (mock data).,No,Reviewed for monthly report generation (mock data).,Good,
June 2026,329,Reliable monthly support recorded (mock data).,No major concerns recorded (mock data).,Monthly HR review completed (mock data).,No,Reviewed for monthly report generation (mock data).,Good,
June 2026,338,Reliable monthly support recorded (mock data).,No major concerns recorded (mock data).,Monthly HR review completed (mock data).,No,Reviewed for monthly report generation (mock data).,Good,
June 2026,129,Reliable monthly support recorded (mock data).,No major concerns recorded (mock data).,Monthly HR review completed (mock data).,No,Reviewed for monthly report generation (mock data).,Good,
June 2026,209,Reliable monthly support recorded (mock data).,No major concerns recorded (mock data).,Monthly HR review completed (mock data).,No,Reviewed for monthly report generation (mock data).,Good,
June 2026,229,Reliable monthly support recorded (mock data).,No major concerns recorded (mock data).,Monthly HR review completed (mock data).,No,Reviewed for monthly report generation (mock data).,Good,
June 2026,226,Reliable monthly support recorded (mock data).,No major concerns recorded (mock data).,Monthly HR review completed (mock data).,No,Reviewed for monthly report generation (mock data).,Good,
June 2026,257,Reliable monthly support recorded (mock data).,No major concerns recorded (mock data).,Monthly HR review completed (mock data).,No,Reviewed for monthly report generation (mock data).,Good,
June 2026,297,Reliable monthly support recorded (mock data).,No major concerns recorded (mock data).,Monthly HR review completed (mock data).,No,Reviewed for monthly report generation (mock data).,Good,
June 2026,160,Reliable monthly support recorded (mock data).,No major concerns recorded (mock data).,Monthly HR review completed (mock data).,No,Reviewed for monthly report generation (mock data).,Good,
June 2026,315,Reliable monthly support recorded (mock data).,No major concerns recorded (mock data).,Monthly HR review completed (mock data).,No,Reviewed for monthly report generation (mock data).,Good,
June 2026,351,Reliable monthly support recorded (mock data).,No major concerns recorded (mock data).,Monthly HR review completed (mock data).,No,Reviewed for monthly report generation (mock data).,Good,
June 2026,362,Reliable monthly support recorded (mock data).,No major concerns recorded (mock data).,Monthly HR review completed (mock data).,No,Reviewed for monthly report generation (mock data).,Good,
June 2026,368,Reliable monthly support recorded (mock data).,No major concerns recorded (mock data).,Monthly HR review completed (mock data).,No,Reviewed for monthly report generation (mock data).,Good,
June 2026,377,Reliable monthly support recorded (mock data).,No major concerns recorded (mock data).,Monthly HR review completed (mock data).,No,Reviewed for monthly report generation (mock data).,Good,
June 2026,379,Reliable monthly support recorded (mock data).,No major concerns recorded (mock data).,Monthly HR review completed (mock data).,No,Reviewed for monthly report generation (mock data).,Good,
June 2026,112,Reliable monthly support recorded (mock data).,No major concerns recorded (mock data).,Monthly HR review completed (mock data).,No,Reviewed for monthly report generation (mock data).,Good,
June 2026,384,Reliable monthly support recorded (mock data).,No major concerns recorded (mock data).,Monthly HR review completed (mock data).,No,Reviewed for monthly report generation (mock data).,Good,
June 2026,385,Reliable monthly support recorded (mock data).,No major concerns recorded (mock data).,Monthly HR review completed (mock data).,No,Reviewed for monthly report generation (mock data).,Good,
June 2026,371,Reliable monthly support recorded (mock data).,No major concerns recorded (mock data).,Monthly HR review completed (mock data).,No,Reviewed for monthly report generation (mock data).,Good,
June 2026,202,Reliable monthly support recorded (mock data).,No major concerns recorded (mock data).,Monthly HR review completed (mock data).,No,Reviewed for monthly report generation (mock data).,Good,
June 2026,299,Reliable monthly support recorded (mock data).,No major concerns recorded (mock data).,Monthly HR review completed (mock data).,No,Reviewed for monthly report generation (mock data).,Good,
June 2026,175,Reliable monthly support recorded (mock data).,No major concerns recorded (mock data).,Monthly HR review completed (mock data).,No,Reviewed for monthly report generation (mock data).,Good,
June 2026,75,Reliable monthly support recorded (mock data).,No major concerns recorded (mock data).,Monthly HR review completed (mock data).,No,Reviewed for monthly report generation (mock data).,Good,
June 2026,137,Reliable monthly support recorded (mock data).,No major concerns recorded (mock data).,Monthly HR review completed (mock data).,No,Reviewed for monthly report generation (mock data).,Good,
June 2026,157,Reliable monthly support recorded (mock data).,No major concerns recorded (mock data).,Monthly HR review completed (mock data).,No,Reviewed for monthly report generation (mock data).,Good,
June 2026,179,Reliable monthly support recorded (mock data).,No major concerns recorded (mock data).,Monthly HR review completed (mock data).,No,Reviewed for monthly report generation (mock data).,Good,
June 2026,183,Reliable monthly support recorded (mock data).,No major concerns recorded (mock data).,Monthly HR review completed (mock data).,No,Reviewed for monthly report generation (mock data).,Good,
June 2026,182,Reliable monthly support recorded (mock data).,No major concerns recorded (mock data).,Monthly HR review completed (mock data).,No,Reviewed for monthly report generation (mock data).,Good,
June 2026,228,Reliable monthly support recorded (mock data).,No major concerns recorded (mock data).,Monthly HR review completed (mock data).,No,Reviewed for monthly report generation (mock data).,Good,
June 2026,234,Reliable monthly support recorded (mock data).,No major concerns recorded (mock data).,Monthly HR review completed (mock data).,No,Reviewed for monthly report generation (mock data).,Good,
June 2026,244,Reliable monthly support recorded (mock data).,No major concerns recorded (mock data).,Monthly HR review completed (mock data).,No,Reviewed for monthly report generation (mock data).,Good,
June 2026,245,Reliable monthly support recorded (mock data).,No major concerns recorded (mock data).,Monthly HR review completed (mock data).,No,Reviewed for monthly report generation (mock data).,Good,
June 2026,249,Reliable monthly support recorded (mock data).,No major concerns recorded (mock data).,Monthly HR review completed (mock data).,No,Reviewed for monthly report generation (mock data).,Good,
June 2026,251,Reliable monthly support recorded (mock data).,No major concerns recorded (mock data).,Monthly HR review completed (mock data).,No,Reviewed for monthly report generation (mock data).,Good,
June 2026,252,Reliable monthly support recorded (mock data).,No major concerns recorded (mock data).,Monthly HR review completed (mock data).,No,Reviewed for monthly report generation (mock data).,Good,
June 2026,270,Reliable monthly support recorded (mock data).,No major concerns recorded (mock data).,Monthly HR review completed (mock data).,No,Reviewed for monthly report generation (mock data).,Good,
June 2026,273,Reliable monthly support recorded (mock data).,No major concerns recorded (mock data).,Monthly HR review completed (mock data).,No,Reviewed for monthly report generation (mock data).,Good,
June 2026,280,Reliable monthly support recorded (mock data).,No major concerns recorded (mock data).,Monthly HR review completed (mock data).,No,Reviewed for monthly report generation (mock data).,Good,
June 2026,305,Reliable monthly support recorded (mock data).,No major concerns recorded (mock data).,Monthly HR review completed (mock data).,No,Reviewed for monthly report generation (mock data).,Good,
June 2026,309,Reliable monthly support recorded (mock data).,No major concerns recorded (mock data).,Monthly HR review completed (mock data).,No,Reviewed for monthly report generation (mock data).,Good,
June 2026,306,Reliable monthly support recorded (mock data).,No major concerns recorded (mock data).,Monthly HR review completed (mock data).,No,Reviewed for monthly report generation (mock data).,Good,
June 2026,308,Reliable monthly support recorded (mock data).,No major concerns recorded (mock data).,Monthly HR review completed (mock data).,No,Reviewed for monthly report generation (mock data).,Good,
June 2026,312,Reliable monthly support recorded (mock data).,No major concerns recorded (mock data).,Monthly HR review completed (mock data).,No,Reviewed for monthly report generation (mock data).,Good,
June 2026,317,Reliable monthly support recorded (mock data).,No major concerns recorded (mock data).,Monthly HR review completed (mock data).,No,Reviewed for monthly report generation (mock data).,Good,
June 2026,318,Reliable monthly support recorded (mock data).,No major concerns recorded (mock data).,Monthly HR review completed (mock data).,No,Reviewed for monthly report generation (mock data).,Good,
June 2026,203,Reliable monthly support recorded (mock data).,No major concerns recorded (mock data).,Monthly HR review completed (mock data).,No,Reviewed for monthly report generation (mock data).,Good,
June 2026,323,Reliable monthly support recorded (mock data).,No major concerns recorded (mock data).,Monthly HR review completed (mock data).,No,Reviewed for monthly report generation (mock data).,Good,
June 2026,322,Reliable monthly support recorded (mock data).,No major concerns recorded (mock data).,Monthly HR review completed (mock data).,No,Reviewed for monthly report generation (mock data).,Good,
June 2026,321,Reliable monthly support recorded (mock data).,No major concerns recorded (mock data).,Monthly HR review completed (mock data).,No,Reviewed for monthly report generation (mock data).,Good,
June 2026,332,Reliable monthly support recorded (mock data).,No major concerns recorded (mock data).,Monthly HR review completed (mock data).,No,Reviewed for monthly report generation (mock data).,Good,
June 2026,330,Reliable monthly support recorded (mock data).,No major concerns recorded (mock data).,Monthly HR review completed (mock data).,No,Reviewed for monthly report generation (mock data).,Good,
June 2026,239,Reliable monthly support recorded (mock data).,No major concerns recorded (mock data).,Monthly HR review completed (mock data).,No,Reviewed for monthly report generation (mock data).,Good,
June 2026,333,Reliable monthly support recorded (mock data).,No major concerns recorded (mock data).,Monthly HR review completed (mock data).,No,Reviewed for monthly report generation (mock data).,Good,
June 2026,334,Reliable monthly support recorded (mock data).,No major concerns recorded (mock data).,Monthly HR review completed (mock data).,No,Reviewed for monthly report generation (mock data).,Good,
June 2026,347,Reliable monthly support recorded (mock data).,No major concerns recorded (mock data).,Monthly HR review completed (mock data).,No,Reviewed for monthly report generation (mock data).,Good,
June 2026,359,Reliable monthly support recorded (mock data).,No major concerns recorded (mock data).,Monthly HR review completed (mock data).,No,Reviewed for monthly report generation (mock data).,Good,
June 2026,365,Reliable monthly support recorded (mock data).,No major concerns recorded (mock data).,Monthly HR review completed (mock data).,No,Reviewed for monthly report generation (mock data).,Good,
June 2026,369,Reliable monthly support recorded (mock data).,No major concerns recorded (mock data).,Monthly HR review completed (mock data).,No,Reviewed for monthly report generation (mock data).,Good,
June 2026,289,Reliable monthly support recorded (mock data).,No major concerns recorded (mock data).,Monthly HR review completed (mock data).,No,Reviewed for monthly report generation (mock data).,Good,
June 2026,376,Reliable monthly support recorded (mock data).,No major concerns recorded (mock data).,Monthly HR review completed (mock data).,No,Reviewed for monthly report generation (mock data).,Good,
June 2026,163,Reliable monthly support recorded (mock data).,No major concerns recorded (mock data).,Monthly HR review completed (mock data).,No,Reviewed for monthly report generation (mock data).,Good,
June 2026,374,Reliable monthly support recorded (mock data).,No major concerns recorded (mock data).,Monthly HR review completed (mock data).,No,Reviewed for monthly report generation (mock data).,Good,
June 2026,246,Reliable monthly support recorded (mock data).,No major concerns recorded (mock data).,Monthly HR review completed (mock data).,No,Reviewed for monthly report generation (mock data).,Good,
June 2026,39,Reliable monthly support recorded (mock data).,No major concerns recorded (mock data).,Monthly HR review completed (mock data).,No,Reviewed for monthly report generation (mock data).,Good,
June 2026,18,Reliable monthly support recorded (mock data).,No major concerns recorded (mock data).,Monthly HR review completed (mock data).,No,Reviewed for monthly report generation (mock data).,Good,
June 2026,62,Reliable monthly support recorded (mock data).,No major concerns recorded (mock data).,Monthly HR review completed (mock data).,No,Reviewed for monthly report generation (mock data).,Good,
June 2026,4,Reliable monthly support recorded (mock data).,No major concerns recorded (mock data).,Monthly HR review completed (mock data).,No,Reviewed for monthly report generation (mock data).,Good,
June 2026,64,Reliable monthly support recorded (mock data).,No major concerns recorded (mock data).,Monthly HR review completed (mock data).,No,Reviewed for monthly report generation (mock data).,Good,
June 2026,206,Reliable monthly support recorded (mock data).,No major concerns recorded (mock data).,Monthly HR review completed (mock data).,No,Reviewed for monthly report generation (mock data).,Good,
June 2026,95,Reliable monthly support recorded (mock data).,No major concerns recorded (mock data).,Monthly HR review completed (mock data).,No,Reviewed for monthly report generation (mock data).,Good,
June 2026,87,Reliable monthly support recorded (mock data).,No major concerns recorded (mock data).,Monthly HR review completed (mock data).,No,Reviewed for monthly report generation (mock data).,Good,
June 2026,88,Reliable monthly support recorded (mock data).,No major concerns recorded (mock data).,Monthly HR review completed (mock data).,No,Reviewed for monthly report generation (mock data).,Good,
June 2026,92,Reliable monthly support recorded (mock data).,No major concerns recorded (mock data).,Monthly HR review completed (mock data).,No,Reviewed for monthly report generation (mock data).,Good,
June 2026,151,Reliable monthly support recorded (mock data).,No major concerns recorded (mock data).,Monthly HR review completed (mock data).,No,Reviewed for monthly report generation (mock data).,Good,
June 2026,35,Reliable monthly support recorded (mock data).,No major concerns recorded (mock data).,Monthly HR review completed (mock data).,No,Reviewed for monthly report generation (mock data).,Good,
June 2026,34,Reliable monthly support recorded (mock data).,No major concerns recorded (mock data).,Monthly HR review completed (mock data).,No,Reviewed for monthly report generation (mock data).,Good,
June 2026,158,Reliable monthly support recorded (mock data).,No major concerns recorded (mock data).,Monthly HR review completed (mock data).,No,Reviewed for monthly report generation (mock data).,Good,
June 2026,168,Reliable monthly support recorded (mock data).,No major concerns recorded (mock data).,Monthly HR review completed (mock data).,No,Reviewed for monthly report generation (mock data).,Good,
June 2026,337,Reliable monthly support recorded (mock data).,No major concerns recorded (mock data).,Monthly HR review completed (mock data).,No,Reviewed for monthly report generation (mock data).,Good,
June 2026,340,Reliable monthly support recorded (mock data).,No major concerns recorded (mock data).,Monthly HR review completed (mock data).,No,Reviewed for monthly report generation (mock data).,Good,
June 2026,341,Reliable monthly support recorded (mock data).,No major concerns recorded (mock data).,Monthly HR review completed (mock data).,No,Reviewed for monthly report generation (mock data).,Good,