Month,Pay Code,Criterion,Rating,Evidence Reference,Improvement Action,Due Date,HOD Name
June 2026,253,Work Quality,Developing,Mock evidence from recorded HOD score: 8/15.,Review performance with supervisor and agree an improvement action.,15-Jul-2026,HOD_Scores_Laboratory_June_2026
June 2026,253,Productivity,Developing,Mock evidence from recorded HOD score: 8/15.,Review performance with supervisor and agree an improvement action.,15-Jul-2026,HOD_Scores_Laboratory_June_2026
June 2026,253,Teamwork,Developing,Mock evidence from recorded HOD score: 5/10.,Review performance with supervisor and agree an improvement action.,15-Jul-2026,HOD_Scores_Laboratory_June_2026
June 2026,253,Initiative,Developing,Mock evidence from recorded HOD score: 5/10.,Review performance with supervisor and agree an improvement action.,15-Jul-2026,HOD_Scores_Laboratory_June_2026
June 2026,188,Work Quality,Developing,Mock evidence from recorded HOD score: 10/15.,Review performance with supervisor and agree an improvement action.,15-Jul-2026,HOD_Scores_Laboratory_June_2026
June 2026,188,Productivity,Developing,Mock evidence from recorded HOD score: 10/15.,Review performance with supervisor and agree an improvement action.,15-Jul-2026,HOD_Scores_Laboratory_June_2026
June 2026,188,Teamwork,Below Expected,Mock evidence from recorded HOD score: 3/10.,Review performance with supervisor and agree an improvement action.,15-Jul-2026,HOD_Scores_Laboratory_June_2026
June 2026,188,Initiative,Below Expected,Mock evidence from recorded HOD score: 0/10.,Review performance with supervisor and agree an improvement action.,15-Jul-2026,HOD_Scores_Laboratory_June_2026
June 2026,279,Work Quality,Exceeds,Mock evidence from recorded HOD score: 15/15.,Continue current performance.,,HOD_Scores_Laboratory_June_2026
June 2026,279,Productivity,Exceeds,Mock evidence from recorded HOD score: 15/15.,Continue current performance.,,HOD_Scores_Laboratory_June_2026
June 2026,279,Teamwork,Exceeds,Mock evidence from recorded HOD score: 10/10.,Continue current performance.,,HOD_Scores_Laboratory_June_2026
June 2026,279,Initiative,Exceeds,Mock evidence from recorded HOD score: 10/10.,Continue current performance.,,HOD_Scores_Laboratory_June_2026
June 2026,293,Work Quality,Exceeds,Mock evidence from recorded HOD score: 15/15.,Continue current performance.,,HOD_Scores_Laboratory_June_2026
June 2026,293,Productivity,Meets,Mock evidence from recorded HOD score: 13/15.,Continue current performance.,,HOD_Scores_Laboratory_June_2026
June 2026,293,Teamwork,Meets,Mock evidence from recorded HOD score: 8/10.,Continue current performance.,,HOD_Scores_Laboratory_June_2026
June 2026,293,Initiative,Exceeds,Mock evidence from recorded HOD score: 9/10.,Continue current performance.,,HOD_Scores_Laboratory_June_2026
June 2026,298,Work Quality,Meets,Mock evidence from recorded HOD score: 12/15.,Continue current performance.,,HOD_Scores_Laboratory_June_2026
June 2026,298,Productivity,Exceeds,Mock evidence from recorded HOD score: 14/15.,Continue current performance.,,HOD_Scores_Laboratory_June_2026
June 2026,298,Teamwork,Exceeds,Mock evidence from recorded HOD score: 10/10.,Continue current performance.,,HOD_Scores_Laboratory_June_2026
June 2026,298,Initiative,Meets,Mock evidence from recorded HOD score: 8/10.,Continue current performance.,,HOD_Scores_Laboratory_June_2026
June 2026,313,Work Quality,Meets,Mock evidence from recorded HOD score: 13/15.,Continue current performance.,,HOD_Scores_Laboratory_June_2026
June 2026,313,Productivity,Meets,Mock evidence from recorded HOD score: 13/15.,Continue current performance.,,HOD_Scores_Laboratory_June_2026
June 2026,313,Teamwork,Exceeds,Mock evidence from recorded HOD score: 9/10.,Continue current performance.,,HOD_Scores_Laboratory_June_2026
June 2026,313,Initiative,Exceeds,Mock evidence from recorded HOD score: 10/10.,Continue current performance.,,HOD_Scores_Laboratory_June_2026
June 2026,319,Work Quality,Developing,Mock evidence from recorded HOD score: 10/15.,Review performance with supervisor and agree an improvement action.,15-Jul-2026,HOD_Scores_Laboratory_June_2026
June 2026,319,Productivity,Developing,Mock evidence from recorded HOD score: 10/15.,Review performance with supervisor and agree an improvement action.,15-Jul-2026,HOD_Scores_Laboratory_June_2026
June 2026,319,Teamwork,Meets,Mock evidence from recorded HOD score: 7/10.,Continue current performance.,,HOD_Scores_Laboratory_June_2026
June 2026,319,Initiative,Developing,Mock evidence from recorded HOD score: 5/10.,Review performance with supervisor and agree an improvement action.,15-Jul-2026,HOD_Scores_Laboratory_June_2026
June 2026,339,Work Quality,Meets,Mock evidence from recorded HOD score: 12/15.,Continue current performance.,,HOD_Scores_Laboratory_June_2026
June 2026,339,Productivity,Meets,Mock evidence from recorded HOD score: 12/15.,Continue current performance.,,HOD_Scores_Laboratory_June_2026
June 2026,339,Teamwork,Meets,Mock evidence from recorded HOD score: 8/10.,Continue current performance.,,HOD_Scores_Laboratory_June_2026
June 2026,339,Initiative,Developing,Mock evidence from recorded HOD score: 5/10.,Review performance with supervisor and agree an improvement action.,15-Jul-2026,HOD_Scores_Laboratory_June_2026
June 2026,352,Work Quality,Meets,Mock evidence from recorded HOD score: 11/15.,Continue current performance.,,HOD_Scores_Laboratory_June_2026
June 2026,352,Productivity,Meets,Mock evidence from recorded HOD score: 12/15.,Continue current performance.,,HOD_Scores_Laboratory_June_2026
June 2026,352,Teamwork,Meets,Mock evidence from recorded HOD score: 7/10.,Continue current performance.,,HOD_Scores_Laboratory_June_2026
June 2026,352,Initiative,Developing,Mock evidence from recorded HOD score: 5/10.,Review performance with supervisor and agree an improvement action.,15-Jul-2026,HOD_Scores_Laboratory_June_2026
June 2026,104,Work Quality,Exceeds,Mock evidence from recorded HOD score: 14/15.,Continue current performance.,,HOD_Scores_Laboratory_June_2026
June 2026,104,Productivity,Developing,Mock evidence from recorded HOD score: 10/15.,Review performance with supervisor and agree an improvement action.,15-Jul-2026,HOD_Scores_Laboratory_June_2026
June 2026,104,Teamwork,Developing,Mock evidence from recorded HOD score: 6/10.,Review performance with supervisor and agree an improvement action.,15-Jul-2026,HOD_Scores_Laboratory_June_2026
June 2026,104,Initiative,Below Expected,Mock evidence from recorded HOD score: 4/10.,Review performance with supervisor and agree an improvement action.,15-Jul-2026,HOD_Scores_Laboratory_June_2026
June 2026,353,Work Quality,Meets,Mock evidence from recorded HOD score: 12/15.,Continue current performance.,,HOD_Scores_Laboratory_June_2026
June 2026,353,Productivity,Developing,Mock evidence from recorded HOD score: 10/15.,Review performance with supervisor and agree an improvement action.,15-Jul-2026,HOD_Scores_Laboratory_June_2026
June 2026,353,Teamwork,Developing,Mock evidence from recorded HOD score: 6/10.,Review performance with supervisor and agree an improvement action.,15-Jul-2026,HOD_Scores_Laboratory_June_2026
June 2026,353,Initiative,Below Expected,Mock evidence from recorded HOD score: 4/10.,Review performance with supervisor and agree an improvement action.,15-Jul-2026,HOD_Scores_Laboratory_June_2026
June 2026,363,Work Quality,Below Expected,Mock evidence from recorded HOD score: 5/15.,Review performance with supervisor and agree an improvement action.,15-Jul-2026,HOD_Scores_Laboratory_June_2026
June 2026,363,Productivity,Below Expected,Mock evidence from recorded HOD score: 5/15.,Review performance with supervisor and agree an improvement action.,15-Jul-2026,HOD_Scores_Laboratory_June_2026
June 2026,363,Teamwork,Below Expected,Mock evidence from recorded HOD score: 3/10.,Review performance with supervisor and agree an improvement action.,15-Jul-2026,HOD_Scores_Laboratory_June_2026
June 2026,363,Initiative,Below Expected,Mock evidence from recorded HOD score: 2/10.,Review performance with supervisor and agree an improvement action.,15-Jul-2026,HOD_Scores_Laboratory_June_2026
June 2026,100,Work Quality,Meets,Mock evidence from recorded HOD score: 12/15.,Continue current performance.,,HOD_Scores_Laboratory_June_2026
June 2026,100,Productivity,Meets,Mock evidence from recorded HOD score: 13/15.,Continue current performance.,,HOD_Scores_Laboratory_June_2026
June 2026,100,Teamwork,Meets,Mock evidence from recorded HOD score: 8/10.,Continue current performance.,,HOD_Scores_Laboratory_June_2026
June 2026,100,Initiative,Developing,Mock evidence from recorded HOD score: 6/10.,Review performance with supervisor and agree an improvement action.,15-Jul-2026,HOD_Scores_Laboratory_June_2026
June 2026,213,Work Quality,Below Expected,Mock evidence from recorded HOD score: 4/15.,Review performance with supervisor and agree an improvement action.,15-Jul-2026,HOD_Scores_Laboratory_June_2026
June 2026,213,Productivity,Below Expected,Mock evidence from recorded HOD score: 3/15.,Review performance with supervisor and agree an improvement action.,15-Jul-2026,HOD_Scores_Laboratory_June_2026
June 2026,213,Teamwork,Developing,Mock evidence from recorded HOD score: 5/10.,Review performance with supervisor and agree an improvement action.,15-Jul-2026,HOD_Scores_Laboratory_June_2026
June 2026,213,Initiative,Below Expected,Mock evidence from recorded HOD score: 3/10.,Review performance with supervisor and agree an improvement action.,15-Jul-2026,HOD_Scores_Laboratory_June_2026
June 2026,259,Work Quality,Developing,Mock evidence from recorded HOD score: 10/15.,Review performance with supervisor and agree an improvement action.,15-Jul-2026,HOD_Scores_Laboratory_June_2026
June 2026,259,Productivity,Exceeds,Mock evidence from recorded HOD score: 15/15.,Continue current performance.,,HOD_Scores_Laboratory_June_2026
June 2026,259,Teamwork,Below Expected,Mock evidence from recorded HOD score: 4/10.,Review performance with supervisor and agree an improvement action.,15-Jul-2026,HOD_Scores_Laboratory_June_2026
June 2026,259,Initiative,Below Expected,Mock evidence from recorded HOD score: 2/10.,Review performance with supervisor and agree an improvement action.,15-Jul-2026,HOD_Scores_Laboratory_June_2026
June 2026,316,Work Quality,Meets,Mock evidence from recorded HOD score: 12/15.,Continue current performance.,,HOD_Scores_Laboratory_June_2026
June 2026,316,Productivity,Exceeds,Mock evidence from recorded HOD score: 15/15.,Continue current performance.,,HOD_Scores_Laboratory_June_2026
June 2026,316,Teamwork,Exceeds,Mock evidence from recorded HOD score: 10/10.,Continue current performance.,,HOD_Scores_Laboratory_June_2026
June 2026,316,Initiative,Exceeds,Mock evidence from recorded HOD score: 10/10.,Continue current performance.,,HOD_Scores_Laboratory_June_2026
June 2026,326,Work Quality,Exceeds,Mock evidence from recorded HOD score: 15/15.,Continue current performance.,,HOD_Scores_Laboratory_June_2026
June 2026,326,Productivity,Meets,Mock evidence from recorded HOD score: 12/15.,Continue current performance.,,HOD_Scores_Laboratory_June_2026
June 2026,326,Teamwork,Exceeds,Mock evidence from recorded HOD score: 9/10.,Continue current performance.,,HOD_Scores_Laboratory_June_2026
June 2026,326,Initiative,Meets,Mock evidence from recorded HOD score: 8/10.,Continue current performance.,,HOD_Scores_Laboratory_June_2026
June 2026,329,Work Quality,Exceeds,Mock evidence from recorded HOD score: 14/15.,Continue current performance.,,HOD_Scores_Laboratory_June_2026
June 2026,329,Productivity,Meets,Mock evidence from recorded HOD score: 13/15.,Continue current performance.,,HOD_Scores_Laboratory_June_2026
June 2026,329,Teamwork,Meets,Mock evidence from recorded HOD score: 8/10.,Continue current performance.,,HOD_Scores_Laboratory_June_2026
June 2026,329,Initiative,Exceeds,Mock evidence from recorded HOD score: 10/10.,Continue current performance.,,HOD_Scores_Laboratory_June_2026
June 2026,338,Work Quality,Developing,Mock evidence from recorded HOD score: 7/15.,Review performance with supervisor and agree an improvement action.,15-Jul-2026,HOD_Scores_Laboratory_June_2026
June 2026,338,Productivity,Meets,Mock evidence from recorded HOD score: 12/15.,Continue current performance.,,HOD_Scores_Laboratory_June_2026
June 2026,338,Teamwork,Developing,Mock evidence from recorded HOD score: 5/10.,Review performance with supervisor and agree an improvement action.,15-Jul-2026,HOD_Scores_Laboratory_June_2026
June 2026,338,Initiative,Meets,Mock evidence from recorded HOD score: 7/10.,Continue current performance.,,HOD_Scores_Laboratory_June_2026
June 2026,120,Work Quality,Meets,Mock evidence from recorded HOD score: 12/15.,Continue current performance.,,HOD_Scores_Maintenance_June_2026
June 2026,120,Productivity,Developing,Mock evidence from recorded HOD score: 10/15.,Review performance with supervisor and agree an improvement action.,15-Jul-2026,HOD_Scores_Maintenance_June_2026
June 2026,120,Teamwork,Developing,Mock evidence from recorded HOD score: 6/10.,Review performance with supervisor and agree an improvement action.,15-Jul-2026,HOD_Scores_Maintenance_June_2026
June 2026,120,Initiative,Below Expected,Mock evidence from recorded HOD score: 4/10.,Review performance with supervisor and agree an improvement action.,15-Jul-2026,HOD_Scores_Maintenance_June_2026
June 2026,129,Work Quality,Below Expected,Mock evidence from recorded HOD score: 5/15.,Review performance with supervisor and agree an improvement action.,15-Jul-2026,HOD_Scores_Maintenance_June_2026
June 2026,129,Productivity,Below Expected,Mock evidence from recorded HOD score: 5/15.,Review performance with supervisor and agree an improvement action.,15-Jul-2026,HOD_Scores_Maintenance_June_2026
June 2026,129,Teamwork,Below Expected,Mock evidence from recorded HOD score: 3/10.,Review performance with supervisor and agree an improvement action.,15-Jul-2026,HOD_Scores_Maintenance_June_2026
June 2026,129,Initiative,Below Expected,Mock evidence from recorded HOD score: 2/10.,Review performance with supervisor and agree an improvement action.,15-Jul-2026,HOD_Scores_Maintenance_June_2026
June 2026,209,Work Quality,Meets,Mock evidence from recorded HOD score: 12/15.,Continue current performance.,,HOD_Scores_Maintenance_June_2026
June 2026,209,Productivity,Meets,Mock evidence from recorded HOD score: 13/15.,Continue current performance.,,HOD_Scores_Maintenance_June_2026
June 2026,209,Teamwork,Meets,Mock evidence from recorded HOD score: 8/10.,Continue current performance.,,HOD_Scores_Maintenance_June_2026
June 2026,209,Initiative,Developing,Mock evidence from recorded HOD score: 6/10.,Review performance with supervisor and agree an improvement action.,15-Jul-2026,HOD_Scores_Maintenance_June_2026
June 2026,229,Work Quality,Below Expected,Mock evidence from recorded HOD score: 4/15.,Review performance with supervisor and agree an improvement action.,15-Jul-2026,HOD_Scores_Maintenance_June_2026
June 2026,229,Productivity,Below Expected,Mock evidence from recorded HOD score: 3/15.,Review performance with supervisor and agree an improvement action.,15-Jul-2026,HOD_Scores_Maintenance_June_2026
June 2026,229,Teamwork,Developing,Mock evidence from recorded HOD score: 5/10.,Review performance with supervisor and agree an improvement action.,15-Jul-2026,HOD_Scores_Maintenance_June_2026
June 2026,229,Initiative,Below Expected,Mock evidence from recorded HOD score: 3/10.,Review performance with supervisor and agree an improvement action.,15-Jul-2026,HOD_Scores_Maintenance_June_2026
June 2026,226,Work Quality,Developing,Mock evidence from recorded HOD score: 10/15.,Review performance with supervisor and agree an improvement action.,15-Jul-2026,HOD_Scores_Maintenance_June_2026
June 2026,226,Productivity,Exceeds,Mock evidence from recorded HOD score: 15/15.,Continue current performance.,,HOD_Scores_Maintenance_June_2026
June 2026,226,Teamwork,Below Expected,Mock evidence from recorded HOD score: 4/10.,Review performance with supervisor and agree an improvement action.,15-Jul-2026,HOD_Scores_Maintenance_June_2026
June 2026,226,Initiative,Below Expected,Mock evidence from recorded HOD score: 2/10.,Review performance with supervisor and agree an improvement action.,15-Jul-2026,HOD_Scores_Maintenance_June_2026
June 2026,257,Work Quality,Meets,Mock evidence from recorded HOD score: 12/15.,Continue current performance.,,HOD_Scores_Maintenance_June_2026
June 2026,257,Productivity,Exceeds,Mock evidence from recorded HOD score: 15/15.,Continue current performance.,,HOD_Scores_Maintenance_June_2026
June 2026,257,Teamwork,Exceeds,Mock evidence from recorded HOD score: 10/10.,Continue current performance.,,HOD_Scores_Maintenance_June_2026
June 2026,257,Initiative,Exceeds,Mock evidence from recorded HOD score: 10/10.,Continue current performance.,,HOD_Scores_Maintenance_June_2026
June 2026,160,Work Quality,Exceeds,Mock evidence from recorded HOD score: 15/15.,Continue current performance.,,HOD_Scores_Maintenance_June_2026
June 2026,160,Productivity,Meets,Mock evidence from recorded HOD score: 12/15.,Continue current performance.,,HOD_Scores_Maintenance_June_2026
June 2026,160,Teamwork,Exceeds,Mock evidence from recorded HOD score: 9/10.,Continue current performance.,,HOD_Scores_Maintenance_June_2026
June 2026,160,Initiative,Meets,Mock evidence from recorded HOD score: 8/10.,Continue current performance.,,HOD_Scores_Maintenance_June_2026
June 2026,315,Work Quality,Exceeds,Mock evidence from recorded HOD score: 14/15.,Continue current performance.,,HOD_Scores_Maintenance_June_2026
June 2026,315,Productivity,Meets,Mock evidence from recorded HOD score: 13/15.,Continue current performance.,,HOD_Scores_Maintenance_June_2026
June 2026,315,Teamwork,Meets,Mock evidence from recorded HOD score: 8/10.,Continue current performance.,,HOD_Scores_Maintenance_June_2026
June 2026,315,Initiative,Exceeds,Mock evidence from recorded HOD score: 10/10.,Continue current performance.,,HOD_Scores_Maintenance_June_2026
June 2026,351,Work Quality,Developing,Mock evidence from recorded HOD score: 8/15.,Review performance with supervisor and agree an improvement action.,15-Jul-2026,HOD_Scores_Maintenance_June_2026
June 2026,351,Productivity,Developing,Mock evidence from recorded HOD score: 10/15.,Review performance with supervisor and agree an improvement action.,15-Jul-2026,HOD_Scores_Maintenance_June_2026
June 2026,351,Teamwork,Exceeds,Mock evidence from recorded HOD score: 10/10.,Continue current performance.,,HOD_Scores_Maintenance_June_2026
June 2026,351,Initiative,Exceeds,Mock evidence from recorded HOD score: 9/10.,Continue current performance.,,HOD_Scores_Maintenance_June_2026
June 2026,362,Work Quality,Developing,Mock evidence from recorded HOD score: 7/15.,Review performance with supervisor and agree an improvement action.,15-Jul-2026,HOD_Scores_Maintenance_June_2026
June 2026,362,Productivity,Meets,Mock evidence from recorded HOD score: 12/15.,Continue current performance.,,HOD_Scores_Maintenance_June_2026
June 2026,362,Teamwork,Developing,Mock evidence from recorded HOD score: 5/10.,Review performance with supervisor and agree an improvement action.,15-Jul-2026,HOD_Scores_Maintenance_June_2026
June 2026,362,Initiative,Meets,Mock evidence from recorded HOD score: 7/10.,Continue current performance.,,HOD_Scores_Maintenance_June_2026
June 2026,368,Work Quality,Below Expected,Mock evidence from recorded HOD score: 5/15.,Review performance with supervisor and agree an improvement action.,15-Jul-2026,HOD_Scores_Maintenance_June_2026
June 2026,368,Productivity,Meets,Mock evidence from recorded HOD score: 11/15.,Continue current performance.,,HOD_Scores_Maintenance_June_2026
June 2026,368,Teamwork,Exceeds,Mock evidence from recorded HOD score: 10/10.,Continue current performance.,,HOD_Scores_Maintenance_June_2026
June 2026,368,Initiative,Meets,Mock evidence from recorded HOD score: 8/10.,Continue current performance.,,HOD_Scores_Maintenance_June_2026
June 2026,377,Work Quality,Developing,Mock evidence from recorded HOD score: 10/15.,Review performance with supervisor and agree an improvement action.,15-Jul-2026,HOD_Scores_Maintenance_June_2026
June 2026,377,Productivity,Exceeds,Mock evidence from recorded HOD score: 15/15.,Continue current performance.,,HOD_Scores_Maintenance_June_2026
June 2026,377,Teamwork,Exceeds,Mock evidence from recorded HOD score: 9/10.,Continue current performance.,,HOD_Scores_Maintenance_June_2026
June 2026,377,Initiative,Meets,Mock evidence from recorded HOD score: 7/10.,Continue current performance.,,HOD_Scores_Maintenance_June_2026
June 2026,379,Work Quality,Below Expected,Mock evidence from recorded HOD score: 4/15.,Review performance with supervisor and agree an improvement action.,15-Jul-2026,HOD_Scores_Maintenance_June_2026
June 2026,379,Productivity,Meets,Mock evidence from recorded HOD score: 13/15.,Continue current performance.,,HOD_Scores_Maintenance_June_2026
June 2026,379,Teamwork,Meets,Mock evidence from recorded HOD score: 8/10.,Continue current performance.,,HOD_Scores_Maintenance_June_2026
June 2026,379,Initiative,Developing,Mock evidence from recorded HOD score: 6/10.,Review performance with supervisor and agree an improvement action.,15-Jul-2026,HOD_Scores_Maintenance_June_2026
June 2026,112,Work Quality,Below Expected,Mock evidence from recorded HOD score: 4/15.,Review performance with supervisor and agree an improvement action.,15-Jul-2026,HOD_Scores_Maintenance_June_2026
June 2026,112,Productivity,Exceeds,Mock evidence from recorded HOD score: 14/15.,Continue current performance.,,HOD_Scores_Maintenance_June_2026
June 2026,112,Teamwork,Exceeds,Mock evidence from recorded HOD score: 10/10.,Continue current performance.,,HOD_Scores_Maintenance_June_2026
June 2026,112,Initiative,Developing,Mock evidence from recorded HOD score: 6/10.,Review performance with supervisor and agree an improvement action.,15-Jul-2026,HOD_Scores_Maintenance_June_2026
June 2026,384,Work Quality,Below Expected,Mock evidence from recorded HOD score: 2/15.,Review performance with supervisor and agree an improvement action.,15-Jul-2026,HOD_Scores_Maintenance_June_2026
June 2026,384,Productivity,Meets,Mock evidence from recorded HOD score: 13/15.,Continue current performance.,,HOD_Scores_Maintenance_June_2026
June 2026,384,Teamwork,Developing,Mock evidence from recorded HOD score: 5/10.,Review performance with supervisor and agree an improvement action.,15-Jul-2026,HOD_Scores_Maintenance_June_2026
June 2026,384,Initiative,Below Expected,Mock evidence from recorded HOD score: 3/10.,Review performance with supervisor and agree an improvement action.,15-Jul-2026,HOD_Scores_Maintenance_June_2026
June 2026,385,Work Quality,Developing,Mock evidence from recorded HOD score: 8/15.,Review performance with supervisor and agree an improvement action.,15-Jul-2026,HOD_Scores_Maintenance_June_2026
June 2026,385,Productivity,Developing,Mock evidence from recorded HOD score: 8/15.,Review performance with supervisor and agree an improvement action.,15-Jul-2026,HOD_Scores_Maintenance_June_2026
June 2026,385,Teamwork,Developing,Mock evidence from recorded HOD score: 5/10.,Review performance with supervisor and agree an improvement action.,15-Jul-2026,HOD_Scores_Maintenance_June_2026
June 2026,385,Initiative,Developing,Mock evidence from recorded HOD score: 5/10.,Review performance with supervisor and agree an improvement action.,15-Jul-2026,HOD_Scores_Maintenance_June_2026
June 2026,371,Work Quality,Developing,Mock evidence from recorded HOD score: 10/15.,Review performance with supervisor and agree an improvement action.,15-Jul-2026,HOD_Scores_Maintenance_June_2026
June 2026,371,Productivity,Developing,Mock evidence from recorded HOD score: 10/15.,Review performance with supervisor and agree an improvement action.,15-Jul-2026,HOD_Scores_Maintenance_June_2026
June 2026,371,Teamwork,Below Expected,Mock evidence from recorded HOD score: 3/10.,Review performance with supervisor and agree an improvement action.,15-Jul-2026,HOD_Scores_Maintenance_June_2026
June 2026,371,Initiative,Below Expected,Mock evidence from recorded HOD score: 0/10.,Review performance with supervisor and agree an improvement action.,15-Jul-2026,HOD_Scores_Maintenance_June_2026
June 2026,202,Work Quality,Exceeds,Mock evidence from recorded HOD score: 15/15.,Continue current performance.,,HOD_Scores_Maintenance_June_2026
June 2026,202,Productivity,Exceeds,Mock evidence from recorded HOD score: 15/15.,Continue current performance.,,HOD_Scores_Maintenance_June_2026
June 2026,202,Teamwork,Exceeds,Mock evidence from recorded HOD score: 10/10.,Continue current performance.,,HOD_Scores_Maintenance_June_2026
June 2026,202,Initiative,Exceeds,Mock evidence from recorded HOD score: 10/10.,Continue current performance.,,HOD_Scores_Maintenance_June_2026
June 2026,299,Work Quality,Exceeds,Mock evidence from recorded HOD score: 15/15.,Continue current performance.,,HOD_Scores_Maintenance_June_2026
June 2026,299,Productivity,Meets,Mock evidence from recorded HOD score: 13/15.,Continue current performance.,,HOD_Scores_Maintenance_June_2026
June 2026,299,Teamwork,Meets,Mock evidence from recorded HOD score: 8/10.,Continue current performance.,,HOD_Scores_Maintenance_June_2026
June 2026,299,Initiative,Exceeds,Mock evidence from recorded HOD score: 9/10.,Continue current performance.,,HOD_Scores_Maintenance_June_2026
June 2026,169,Work Quality,Developing,Mock evidence from recorded HOD score: 10/15.,Review performance with supervisor and agree an improvement action.,15-Jul-2026,HOD_Scores_Office_June_2026
June 2026,169,Productivity,Developing,Mock evidence from recorded HOD score: 10/15.,Review performance with supervisor and agree an improvement action.,15-Jul-2026,HOD_Scores_Office_June_2026
June 2026,169,Teamwork,Meets,Mock evidence from recorded HOD score: 7/10.,Continue current performance.,,HOD_Scores_Office_June_2026
June 2026,169,Initiative,Developing,Mock evidence from recorded HOD score: 5/10.,Review performance with supervisor and agree an improvement action.,15-Jul-2026,HOD_Scores_Office_June_2026
June 2026,277,Work Quality,Meets,Mock evidence from recorded HOD score: 12/15.,Continue current performance.,,HOD_Scores_Office_June_2026
June 2026,277,Productivity,Meets,Mock evidence from recorded HOD score: 12/15.,Continue current performance.,,HOD_Scores_Office_June_2026
June 2026,277,Teamwork,Meets,Mock evidence from recorded HOD score: 8/10.,Continue current performance.,,HOD_Scores_Office_June_2026
June 2026,277,Initiative,Developing,Mock evidence from recorded HOD score: 5/10.,Review performance with supervisor and agree an improvement action.,15-Jul-2026,HOD_Scores_Office_June_2026
June 2026,254,Work Quality,Meets,Mock evidence from recorded HOD score: 11/15.,Continue current performance.,,HOD_Scores_Office_June_2026
June 2026,254,Productivity,Meets,Mock evidence from recorded HOD score: 12/15.,Continue current performance.,,HOD_Scores_Office_June_2026
June 2026,254,Teamwork,Meets,Mock evidence from recorded HOD score: 7/10.,Continue current performance.,,HOD_Scores_Office_June_2026
June 2026,254,Initiative,Developing,Mock evidence from recorded HOD score: 5/10.,Review performance with supervisor and agree an improvement action.,15-Jul-2026,HOD_Scores_Office_June_2026
June 2026,355,Work Quality,Exceeds,Mock evidence from recorded HOD score: 14/15.,Continue current performance.,,HOD_Scores_Office_June_2026
June 2026,355,Productivity,Developing,Mock evidence from recorded HOD score: 10/15.,Review performance with supervisor and agree an improvement action.,15-Jul-2026,HOD_Scores_Office_June_2026
June 2026,355,Teamwork,Developing,Mock evidence from recorded HOD score: 6/10.,Review performance with supervisor and agree an improvement action.,15-Jul-2026,HOD_Scores_Office_June_2026
June 2026,355,Initiative,Below Expected,Mock evidence from recorded HOD score: 4/10.,Review performance with supervisor and agree an improvement action.,15-Jul-2026,HOD_Scores_Office_June_2026
June 2026,63,Work Quality,Meets,Mock evidence from recorded HOD score: 12/15.,Continue current performance.,,HOD_Scores_Office_June_2026
June 2026,63,Productivity,Developing,Mock evidence from recorded HOD score: 10/15.,Review performance with supervisor and agree an improvement action.,15-Jul-2026,HOD_Scores_Office_June_2026
June 2026,63,Teamwork,Developing,Mock evidence from recorded HOD score: 6/10.,Review performance with supervisor and agree an improvement action.,15-Jul-2026,HOD_Scores_Office_June_2026
June 2026,63,Initiative,Below Expected,Mock evidence from recorded HOD score: 4/10.,Review performance with supervisor and agree an improvement action.,15-Jul-2026,HOD_Scores_Office_June_2026
June 2026,113,Work Quality,Below Expected,Mock evidence from recorded HOD score: 5/15.,Review performance with supervisor and agree an improvement action.,15-Jul-2026,HOD_Scores_Office_June_2026
June 2026,113,Productivity,Below Expected,Mock evidence from recorded HOD score: 5/15.,Review performance with supervisor and agree an improvement action.,15-Jul-2026,HOD_Scores_Office_June_2026
June 2026,113,Teamwork,Below Expected,Mock evidence from recorded HOD score: 3/10.,Review performance with supervisor and agree an improvement action.,15-Jul-2026,HOD_Scores_Office_June_2026
June 2026,113,Initiative,Below Expected,Mock evidence from recorded HOD score: 2/10.,Review performance with supervisor and agree an improvement action.,15-Jul-2026,HOD_Scores_Office_June_2026
June 2026,144,Work Quality,Meets,Mock evidence from recorded HOD score: 12/15.,Continue current performance.,,HOD_Scores_Office_June_2026
June 2026,144,Productivity,Meets,Mock evidence from recorded HOD score: 13/15.,Continue current performance.,,HOD_Scores_Office_June_2026
June 2026,144,Teamwork,Meets,Mock evidence from recorded HOD score: 8/10.,Continue current performance.,,HOD_Scores_Office_June_2026
June 2026,144,Initiative,Developing,Mock evidence from recorded HOD score: 6/10.,Review performance with supervisor and agree an improvement action.,15-Jul-2026,HOD_Scores_Office_June_2026
June 2026,143,Work Quality,Below Expected,Mock evidence from recorded HOD score: 4/15.,Review performance with supervisor and agree an improvement action.,15-Jul-2026,HOD_Scores_Office_June_2026
June 2026,143,Productivity,Below Expected,Mock evidence from recorded HOD score: 3/15.,Review performance with supervisor and agree an improvement action.,15-Jul-2026,HOD_Scores_Office_June_2026
June 2026,143,Teamwork,Developing,Mock evidence from recorded HOD score: 5/10.,Review performance with supervisor and agree an improvement action.,15-Jul-2026,HOD_Scores_Office_June_2026
June 2026,143,Initiative,Below Expected,Mock evidence from recorded HOD score: 3/10.,Review performance with supervisor and agree an improvement action.,15-Jul-2026,HOD_Scores_Office_June_2026
June 2026,132,Work Quality,Developing,Mock evidence from recorded HOD score: 10/15.,Review performance with supervisor and agree an improvement action.,15-Jul-2026,HOD_Scores_Office_June_2026
June 2026,132,Productivity,Exceeds,Mock evidence from recorded HOD score: 15/15.,Continue current performance.,,HOD_Scores_Office_June_2026
June 2026,132,Teamwork,Below Expected,Mock evidence from recorded HOD score: 4/10.,Review performance with supervisor and agree an improvement action.,15-Jul-2026,HOD_Scores_Office_June_2026
June 2026,132,Initiative,Below Expected,Mock evidence from recorded HOD score: 2/10.,Review performance with supervisor and agree an improvement action.,15-Jul-2026,HOD_Scores_Office_June_2026
June 2026,380,Work Quality,Meets,Mock evidence from recorded HOD score: 12/15.,Continue current performance.,,HOD_Scores_Office_June_2026
June 2026,380,Productivity,Exceeds,Mock evidence from recorded HOD score: 15/15.,Continue current performance.,,HOD_Scores_Office_June_2026
June 2026,380,Teamwork,Exceeds,Mock evidence from recorded HOD score: 10/10.,Continue current performance.,,HOD_Scores_Office_June_2026
June 2026,380,Initiative,Exceeds,Mock evidence from recorded HOD score: 10/10.,Continue current performance.,,HOD_Scores_Office_June_2026
June 2026,199,Work Quality,Exceeds,Mock evidence from recorded HOD score: 15/15.,Continue current performance.,,HOD_Scores_Office_June_2026
June 2026,199,Productivity,Meets,Mock evidence from recorded HOD score: 12/15.,Continue current performance.,,HOD_Scores_Office_June_2026
June 2026,199,Teamwork,Exceeds,Mock evidence from recorded HOD score: 9/10.,Continue current performance.,,HOD_Scores_Office_June_2026
June 2026,199,Initiative,Meets,Mock evidence from recorded HOD score: 8/10.,Continue current performance.,,HOD_Scores_Office_June_2026
June 2026,181,Work Quality,Exceeds,Mock evidence from recorded HOD score: 14/15.,Continue current performance.,,HOD_Scores_Office_June_2026
June 2026,181,Productivity,Meets,Mock evidence from recorded HOD score: 13/15.,Continue current performance.,,HOD_Scores_Office_June_2026
June 2026,181,Teamwork,Meets,Mock evidence from recorded HOD score: 8/10.,Continue current performance.,,HOD_Scores_Office_June_2026
June 2026,181,Initiative,Exceeds,Mock evidence from recorded HOD score: 10/10.,Continue current performance.,,HOD_Scores_Office_June_2026
June 2026,223,Work Quality,Developing,Mock evidence from recorded HOD score: 8/15.,Review performance with supervisor and agree an improvement action.,15-Jul-2026,HOD_Scores_Office_June_2026
June 2026,223,Productivity,Developing,Mock evidence from recorded HOD score: 10/15.,Review performance with supervisor and agree an improvement action.,15-Jul-2026,HOD_Scores_Office_June_2026
June 2026,223,Teamwork,Exceeds,Mock evidence from recorded HOD score: 10/10.,Continue current performance.,,HOD_Scores_Office_June_2026
June 2026,223,Initiative,Exceeds,Mock evidence from recorded HOD score: 9/10.,Continue current performance.,,HOD_Scores_Office_June_2026
June 2026,361,Work Quality,Developing,Mock evidence from recorded HOD score: 7/15.,Review performance with supervisor and agree an improvement action.,15-Jul-2026,HOD_Scores_Office_June_2026
June 2026,361,Productivity,Meets,Mock evidence from recorded HOD score: 12/15.,Continue current performance.,,HOD_Scores_Office_June_2026
June 2026,361,Teamwork,Developing,Mock evidence from recorded HOD score: 5/10.,Review performance with supervisor and agree an improvement action.,15-Jul-2026,HOD_Scores_Office_June_2026
June 2026,361,Initiative,Meets,Mock evidence from recorded HOD score: 7/10.,Continue current performance.,,HOD_Scores_Office_June_2026
June 2026,163,Work Quality,Below Expected,Mock evidence from recorded HOD score: 5/15.,Review performance with supervisor and agree an improvement action.,15-Jul-2026,HOD_Scores_Office_June_2026
June 2026,163,Productivity,Meets,Mock evidence from recorded HOD score: 11/15.,Continue current performance.,,HOD_Scores_Office_June_2026
June 2026,163,Teamwork,Exceeds,Mock evidence from recorded HOD score: 10/10.,Continue current performance.,,HOD_Scores_Office_June_2026
June 2026,163,Initiative,Meets,Mock evidence from recorded HOD score: 8/10.,Continue current performance.,,HOD_Scores_Office_June_2026
June 2026,374,Work Quality,Developing,Mock evidence from recorded HOD score: 10/15.,Review performance with supervisor and agree an improvement action.,15-Jul-2026,HOD_Scores_Office_June_2026
June 2026,374,Productivity,Exceeds,Mock evidence from recorded HOD score: 15/15.,Continue current performance.,,HOD_Scores_Office_June_2026
June 2026,374,Teamwork,Exceeds,Mock evidence from recorded HOD score: 9/10.,Continue current performance.,,HOD_Scores_Office_June_2026
June 2026,374,Initiative,Meets,Mock evidence from recorded HOD score: 7/10.,Continue current performance.,,HOD_Scores_Office_June_2026
June 2026,206,Work Quality,Developing,Mock evidence from recorded HOD score: 8/15.,Review performance with supervisor and agree an improvement action.,15-Jul-2026,HOD_Scores_Office_June_2026
June 2026,206,Productivity,Developing,Mock evidence from recorded HOD score: 8/15.,Review performance with supervisor and agree an improvement action.,15-Jul-2026,HOD_Scores_Office_June_2026
June 2026,206,Teamwork,Developing,Mock evidence from recorded HOD score: 5/10.,Review performance with supervisor and agree an improvement action.,15-Jul-2026,HOD_Scores_Office_June_2026
June 2026,206,Initiative,Developing,Mock evidence from recorded HOD score: 5/10.,Review performance with supervisor and agree an improvement action.,15-Jul-2026,HOD_Scores_Office_June_2026
June 2026,175,Work Quality,Developing,Mock evidence from recorded HOD score: 8/15.,Review performance with supervisor and agree an improvement action.,15-Jul-2026,Dharmikbhai
June 2026,175,Productivity,Developing,Mock evidence from recorded HOD score: 8/15.,Review performance with supervisor and agree an improvement action.,15-Jul-2026,Dharmikbhai
June 2026,175,Teamwork,Developing,Mock evidence from recorded HOD score: 5/10.,Review performance with supervisor and agree an improvement action.,15-Jul-2026,Dharmikbhai
June 2026,175,Initiative,Developing,Mock evidence from recorded HOD score: 5/10.,Review performance with supervisor and agree an improvement action.,15-Jul-2026,Dharmikbhai
June 2026,75,Work Quality,Developing,Mock evidence from recorded HOD score: 10/15.,Review performance with supervisor and agree an improvement action.,15-Jul-2026,Dharmikbhai
June 2026,75,Productivity,Developing,Mock evidence from recorded HOD score: 10/15.,Review performance with supervisor and agree an improvement action.,15-Jul-2026,Dharmikbhai
June 2026,75,Teamwork,Below Expected,Mock evidence from recorded HOD score: 3/10.,Review performance with supervisor and agree an improvement action.,15-Jul-2026,Dharmikbhai
June 2026,75,Initiative,Below Expected,Mock evidence from recorded HOD score: 0/10.,Review performance with supervisor and agree an improvement action.,15-Jul-2026,Dharmikbhai
June 2026,137,Work Quality,Exceeds,Mock evidence from recorded HOD score: 15/15.,Continue current performance.,,Dharmikbhai
June 2026,137,Productivity,Exceeds,Mock evidence from recorded HOD score: 15/15.,Continue current performance.,,Dharmikbhai
June 2026,137,Teamwork,Exceeds,Mock evidence from recorded HOD score: 10/10.,Continue current performance.,,Dharmikbhai
June 2026,137,Initiative,Exceeds,Mock evidence from recorded HOD score: 10/10.,Continue current performance.,,Dharmikbhai
June 2026,183,Work Quality,Exceeds,Mock evidence from recorded HOD score: 15/15.,Continue current performance.,,Dharmikbhai
June 2026,183,Productivity,Meets,Mock evidence from recorded HOD score: 13/15.,Continue current performance.,,Dharmikbhai
June 2026,183,Teamwork,Meets,Mock evidence from recorded HOD score: 8/10.,Continue current performance.,,Dharmikbhai
June 2026,183,Initiative,Exceeds,Mock evidence from recorded HOD score: 9/10.,Continue current performance.,,Dharmikbhai
June 2026,182,Work Quality,Meets,Mock evidence from recorded HOD score: 12/15.,Continue current performance.,,Dharmikbhai
June 2026,182,Productivity,Exceeds,Mock evidence from recorded HOD score: 14/15.,Continue current performance.,,Dharmikbhai
June 2026,182,Teamwork,Exceeds,Mock evidence from recorded HOD score: 10/10.,Continue current performance.,,Dharmikbhai
June 2026,182,Initiative,Meets,Mock evidence from recorded HOD score: 8/10.,Continue current performance.,,Dharmikbhai
June 2026,234,Work Quality,Meets,Mock evidence from recorded HOD score: 13/15.,Continue current performance.,,Dharmikbhai
June 2026,234,Productivity,Meets,Mock evidence from recorded HOD score: 13/15.,Continue current performance.,,Dharmikbhai
June 2026,234,Teamwork,Exceeds,Mock evidence from recorded HOD score: 9/10.,Continue current performance.,,Dharmikbhai
June 2026,234,Initiative,Exceeds,Mock evidence from recorded HOD score: 10/10.,Continue current performance.,,Dharmikbhai
June 2026,244,Work Quality,Developing,Mock evidence from recorded HOD score: 10/15.,Review performance with supervisor and agree an improvement action.,15-Jul-2026,Dharmikbhai
June 2026,244,Productivity,Developing,Mock evidence from recorded HOD score: 10/15.,Review performance with supervisor and agree an improvement action.,15-Jul-2026,Dharmikbhai
June 2026,244,Teamwork,Meets,Mock evidence from recorded HOD score: 7/10.,Continue current performance.,,Dharmikbhai
June 2026,244,Initiative,Developing,Mock evidence from recorded HOD score: 5/10.,Review performance with supervisor and agree an improvement action.,15-Jul-2026,Dharmikbhai
June 2026,245,Work Quality,Meets,Mock evidence from recorded HOD score: 12/15.,Continue current performance.,,Dharmikbhai
June 2026,245,Productivity,Meets,Mock evidence from recorded HOD score: 12/15.,Continue current performance.,,Dharmikbhai
June 2026,245,Teamwork,Meets,Mock evidence from recorded HOD score: 8/10.,Continue current performance.,,Dharmikbhai
June 2026,245,Initiative,Developing,Mock evidence from recorded HOD score: 5/10.,Review performance with supervisor and agree an improvement action.,15-Jul-2026,Dharmikbhai
June 2026,252,Work Quality,Meets,Mock evidence from recorded HOD score: 11/15.,Continue current performance.,,Dharmikbhai
June 2026,252,Productivity,Meets,Mock evidence from recorded HOD score: 12/15.,Continue current performance.,,Dharmikbhai
June 2026,252,Teamwork,Meets,Mock evidence from recorded HOD score: 7/10.,Continue current performance.,,Dharmikbhai
June 2026,252,Initiative,Developing,Mock evidence from recorded HOD score: 5/10.,Review performance with supervisor and agree an improvement action.,15-Jul-2026,Dharmikbhai
June 2026,270,Work Quality,Exceeds,Mock evidence from recorded HOD score: 14/15.,Continue current performance.,,Dharmikbhai
June 2026,270,Productivity,Developing,Mock evidence from recorded HOD score: 10/15.,Review performance with supervisor and agree an improvement action.,15-Jul-2026,Dharmikbhai
June 2026,270,Teamwork,Developing,Mock evidence from recorded HOD score: 6/10.,Review performance with supervisor and agree an improvement action.,15-Jul-2026,Dharmikbhai
June 2026,270,Initiative,Below Expected,Mock evidence from recorded HOD score: 4/10.,Review performance with supervisor and agree an improvement action.,15-Jul-2026,Dharmikbhai
June 2026,273,Work Quality,Meets,Mock evidence from recorded HOD score: 12/15.,Continue current performance.,,Dharmikbhai
June 2026,273,Productivity,Developing,Mock evidence from recorded HOD score: 10/15.,Review performance with supervisor and agree an improvement action.,15-Jul-2026,Dharmikbhai
June 2026,273,Teamwork,Developing,Mock evidence from recorded HOD score: 6/10.,Review performance with supervisor and agree an improvement action.,15-Jul-2026,Dharmikbhai
June 2026,273,Initiative,Below Expected,Mock evidence from recorded HOD score: 4/10.,Review performance with supervisor and agree an improvement action.,15-Jul-2026,Dharmikbhai
June 2026,280,Work Quality,Below Expected,Mock evidence from recorded HOD score: 5/15.,Review performance with supervisor and agree an improvement action.,15-Jul-2026,Dharmikbhai
June 2026,280,Productivity,Below Expected,Mock evidence from recorded HOD score: 5/15.,Review performance with supervisor and agree an improvement action.,15-Jul-2026,Dharmikbhai
June 2026,280,Teamwork,Below Expected,Mock evidence from recorded HOD score: 3/10.,Review performance with supervisor and agree an improvement action.,15-Jul-2026,Dharmikbhai
June 2026,280,Initiative,Below Expected,Mock evidence from recorded HOD score: 2/10.,Review performance with supervisor and agree an improvement action.,15-Jul-2026,Dharmikbhai
June 2026,309,Work Quality,Meets,Mock evidence from recorded HOD score: 12/15.,Continue current performance.,,Dharmikbhai
June 2026,309,Productivity,Meets,Mock evidence from recorded HOD score: 13/15.,Continue current performance.,,Dharmikbhai
June 2026,309,Teamwork,Meets,Mock evidence from recorded HOD score: 8/10.,Continue current performance.,,Dharmikbhai
June 2026,309,Initiative,Developing,Mock evidence from recorded HOD score: 6/10.,Review performance with supervisor and agree an improvement action.,15-Jul-2026,Dharmikbhai
June 2026,312,Work Quality,Below Expected,Mock evidence from recorded HOD score: 4/15.,Review performance with supervisor and agree an improvement action.,15-Jul-2026,Dharmikbhai
June 2026,312,Productivity,Below Expected,Mock evidence from recorded HOD score: 3/15.,Review performance with supervisor and agree an improvement action.,15-Jul-2026,Dharmikbhai
June 2026,312,Teamwork,Developing,Mock evidence from recorded HOD score: 5/10.,Review performance with supervisor and agree an improvement action.,15-Jul-2026,Dharmikbhai
June 2026,312,Initiative,Below Expected,Mock evidence from recorded HOD score: 3/10.,Review performance with supervisor and agree an improvement action.,15-Jul-2026,Dharmikbhai
June 2026,203,Work Quality,Developing,Mock evidence from recorded HOD score: 10/15.,Review performance with supervisor and agree an improvement action.,15-Jul-2026,Dharmikbhai
June 2026,203,Productivity,Exceeds,Mock evidence from recorded HOD score: 15/15.,Continue current performance.,,Dharmikbhai
June 2026,203,Teamwork,Below Expected,Mock evidence from recorded HOD score: 4/10.,Review performance with supervisor and agree an improvement action.,15-Jul-2026,Dharmikbhai
June 2026,203,Initiative,Below Expected,Mock evidence from recorded HOD score: 2/10.,Review performance with supervisor and agree an improvement action.,15-Jul-2026,Dharmikbhai
June 2026,330,Work Quality,Meets,Mock evidence from recorded HOD score: 12/15.,Continue current performance.,,Dharmikbhai
June 2026,330,Productivity,Exceeds,Mock evidence from recorded HOD score: 15/15.,Continue current performance.,,Dharmikbhai
June 2026,330,Teamwork,Exceeds,Mock evidence from recorded HOD score: 10/10.,Continue current performance.,,Dharmikbhai
June 2026,330,Initiative,Exceeds,Mock evidence from recorded HOD score: 10/10.,Continue current performance.,,Dharmikbhai
June 2026,239,Work Quality,Exceeds,Mock evidence from recorded HOD score: 15/15.,Continue current performance.,,Dharmikbhai
June 2026,239,Productivity,Meets,Mock evidence from recorded HOD score: 12/15.,Continue current performance.,,Dharmikbhai
June 2026,239,Teamwork,Exceeds,Mock evidence from recorded HOD score: 9/10.,Continue current performance.,,Dharmikbhai
June 2026,239,Initiative,Meets,Mock evidence from recorded HOD score: 8/10.,Continue current performance.,,Dharmikbhai
June 2026,333,Work Quality,Exceeds,Mock evidence from recorded HOD score: 14/15.,Continue current performance.,,Dharmikbhai
June 2026,333,Productivity,Meets,Mock evidence from recorded HOD score: 13/15.,Continue current performance.,,Dharmikbhai
June 2026,333,Teamwork,Meets,Mock evidence from recorded HOD score: 8/10.,Continue current performance.,,Dharmikbhai
June 2026,333,Initiative,Exceeds,Mock evidence from recorded HOD score: 10/10.,Continue current performance.,,Dharmikbhai
June 2026,347,Work Quality,Developing,Mock evidence from recorded HOD score: 8/15.,Review performance with supervisor and agree an improvement action.,15-Jul-2026,Dharmikbhai
June 2026,347,Productivity,Developing,Mock evidence from recorded HOD score: 10/15.,Review performance with supervisor and agree an improvement action.,15-Jul-2026,Dharmikbhai
June 2026,347,Teamwork,Exceeds,Mock evidence from recorded HOD score: 10/10.,Continue current performance.,,Dharmikbhai
June 2026,347,Initiative,Exceeds,Mock evidence from recorded HOD score: 9/10.,Continue current performance.,,Dharmikbhai
June 2026,365,Work Quality,Developing,Mock evidence from recorded HOD score: 7/15.,Review performance with supervisor and agree an improvement action.,15-Jul-2026,Dharmikbhai
June 2026,365,Productivity,Meets,Mock evidence from recorded HOD score: 12/15.,Continue current performance.,,Dharmikbhai
June 2026,365,Teamwork,Developing,Mock evidence from recorded HOD score: 5/10.,Review performance with supervisor and agree an improvement action.,15-Jul-2026,Dharmikbhai
June 2026,365,Initiative,Meets,Mock evidence from recorded HOD score: 7/10.,Continue current performance.,,Dharmikbhai
June 2026,289,Work Quality,Below Expected,Mock evidence from recorded HOD score: 5/15.,Review performance with supervisor and agree an improvement action.,15-Jul-2026,Dharmikbhai
June 2026,289,Productivity,Meets,Mock evidence from recorded HOD score: 11/15.,Continue current performance.,,Dharmikbhai
June 2026,289,Teamwork,Exceeds,Mock evidence from recorded HOD score: 10/10.,Continue current performance.,,Dharmikbhai
June 2026,289,Initiative,Meets,Mock evidence from recorded HOD score: 8/10.,Continue current performance.,,Dharmikbhai
June 2026,376,Work Quality,Developing,Mock evidence from recorded HOD score: 10/15.,Review performance with supervisor and agree an improvement action.,15-Jul-2026,Dharmikbhai
June 2026,376,Productivity,Exceeds,Mock evidence from recorded HOD score: 15/15.,Continue current performance.,,Dharmikbhai
June 2026,376,Teamwork,Exceeds,Mock evidence from recorded HOD score: 9/10.,Continue current performance.,,Dharmikbhai
June 2026,376,Initiative,Meets,Mock evidence from recorded HOD score: 7/10.,Continue current performance.,,Dharmikbhai
June 2026,39,Work Quality,Below Expected,Mock evidence from recorded HOD score: 4/15.,Review performance with supervisor and agree an improvement action.,15-Jul-2026,Dharmikbhai
June 2026,39,Productivity,Meets,Mock evidence from recorded HOD score: 13/15.,Continue current performance.,,Dharmikbhai
June 2026,39,Teamwork,Meets,Mock evidence from recorded HOD score: 8/10.,Continue current performance.,,Dharmikbhai
June 2026,39,Initiative,Developing,Mock evidence from recorded HOD score: 6/10.,Review performance with supervisor and agree an improvement action.,15-Jul-2026,Dharmikbhai
June 2026,34,Work Quality,Below Expected,Mock evidence from recorded HOD score: 4/15.,Review performance with supervisor and agree an improvement action.,15-Jul-2026,Dharmikbhai
June 2026,34,Productivity,Exceeds,Mock evidence from recorded HOD score: 14/15.,Continue current performance.,,Dharmikbhai
June 2026,34,Teamwork,Exceeds,Mock evidence from recorded HOD score: 10/10.,Continue current performance.,,Dharmikbhai
June 2026,34,Initiative,Developing,Mock evidence from recorded HOD score: 6/10.,Review performance with supervisor and agree an improvement action.,15-Jul-2026,Dharmikbhai
June 2026,158,Work Quality,Below Expected,Mock evidence from recorded HOD score: 2/15.,Review performance with supervisor and agree an improvement action.,15-Jul-2026,Dharmikbhai
June 2026,158,Productivity,Meets,Mock evidence from recorded HOD score: 13/15.,Continue current performance.,,Dharmikbhai
June 2026,158,Teamwork,Developing,Mock evidence from recorded HOD score: 5/10.,Review performance with supervisor and agree an improvement action.,15-Jul-2026,Dharmikbhai
June 2026,158,Initiative,Below Expected,Mock evidence from recorded HOD score: 3/10.,Review performance with supervisor and agree an improvement action.,15-Jul-2026,Dharmikbhai
June 2026,297,Work Quality,Developing,Mock evidence from recorded HOD score: 10/15.,Review performance with supervisor and agree an improvement action.,15-Jul-2026,Ashokbhai
June 2026,297,Productivity,Developing,Mock evidence from recorded HOD score: 10/15.,Review performance with supervisor and agree an improvement action.,15-Jul-2026,Ashokbhai
June 2026,297,Teamwork,Meets,Mock evidence from recorded HOD score: 7/10.,Continue current performance.,,Ashokbhai
June 2026,297,Initiative,Developing,Mock evidence from recorded HOD score: 5/10.,Review performance with supervisor and agree an improvement action.,15-Jul-2026,Ashokbhai
June 2026,157,Work Quality,Meets,Mock evidence from recorded HOD score: 12/15.,Continue current performance.,,Ashokbhai
June 2026,157,Productivity,Meets,Mock evidence from recorded HOD score: 12/15.,Continue current performance.,,Ashokbhai
June 2026,157,Teamwork,Meets,Mock evidence from recorded HOD score: 8/10.,Continue current performance.,,Ashokbhai
June 2026,157,Initiative,Developing,Mock evidence from recorded HOD score: 5/10.,Review performance with supervisor and agree an improvement action.,15-Jul-2026,Ashokbhai
June 2026,179,Work Quality,Meets,Mock evidence from recorded HOD score: 11/15.,Continue current performance.,,Ashokbhai
June 2026,179,Productivity,Meets,Mock evidence from recorded HOD score: 12/15.,Continue current performance.,,Ashokbhai
June 2026,179,Teamwork,Meets,Mock evidence from recorded HOD score: 7/10.,Continue current performance.,,Ashokbhai
June 2026,179,Initiative,Developing,Mock evidence from recorded HOD score: 5/10.,Review performance with supervisor and agree an improvement action.,15-Jul-2026,Ashokbhai
June 2026,228,Work Quality,Exceeds,Mock evidence from recorded HOD score: 14/15.,Continue current performance.,,Ashokbhai
June 2026,228,Productivity,Developing,Mock evidence from recorded HOD score: 10/15.,Review performance with supervisor and agree an improvement action.,15-Jul-2026,Ashokbhai
June 2026,228,Teamwork,Developing,Mock evidence from recorded HOD score: 6/10.,Review performance with supervisor and agree an improvement action.,15-Jul-2026,Ashokbhai
June 2026,228,Initiative,Below Expected,Mock evidence from recorded HOD score: 4/10.,Review performance with supervisor and agree an improvement action.,15-Jul-2026,Ashokbhai
June 2026,249,Work Quality,Meets,Mock evidence from recorded HOD score: 12/15.,Continue current performance.,,Ashokbhai
June 2026,249,Productivity,Developing,Mock evidence from recorded HOD score: 10/15.,Review performance with supervisor and agree an improvement action.,15-Jul-2026,Ashokbhai
June 2026,249,Teamwork,Developing,Mock evidence from recorded HOD score: 6/10.,Review performance with supervisor and agree an improvement action.,15-Jul-2026,Ashokbhai
June 2026,249,Initiative,Below Expected,Mock evidence from recorded HOD score: 4/10.,Review performance with supervisor and agree an improvement action.,15-Jul-2026,Ashokbhai
June 2026,251,Work Quality,Below Expected,Mock evidence from recorded HOD score: 5/15.,Review performance with supervisor and agree an improvement action.,15-Jul-2026,Ashokbhai
June 2026,251,Productivity,Below Expected,Mock evidence from recorded HOD score: 5/15.,Review performance with supervisor and agree an improvement action.,15-Jul-2026,Ashokbhai
June 2026,251,Teamwork,Below Expected,Mock evidence from recorded HOD score: 3/10.,Review performance with supervisor and agree an improvement action.,15-Jul-2026,Ashokbhai
June 2026,251,Initiative,Below Expected,Mock evidence from recorded HOD score: 2/10.,Review performance with supervisor and agree an improvement action.,15-Jul-2026,Ashokbhai
June 2026,305,Work Quality,Meets,Mock evidence from recorded HOD score: 12/15.,Continue current performance.,,Ashokbhai
June 2026,305,Productivity,Meets,Mock evidence from recorded HOD score: 13/15.,Continue current performance.,,Ashokbhai
June 2026,305,Teamwork,Meets,Mock evidence from recorded HOD score: 8/10.,Continue current performance.,,Ashokbhai
June 2026,305,Initiative,Developing,Mock evidence from recorded HOD score: 6/10.,Review performance with supervisor and agree an improvement action.,15-Jul-2026,Ashokbhai
June 2026,306,Work Quality,Below Expected,Mock evidence from recorded HOD score: 4/15.,Review performance with supervisor and agree an improvement action.,15-Jul-2026,Ashokbhai
June 2026,306,Productivity,Below Expected,Mock evidence from recorded HOD score: 3/15.,Review performance with supervisor and agree an improvement action.,15-Jul-2026,Ashokbhai
June 2026,306,Teamwork,Developing,Mock evidence from recorded HOD score: 5/10.,Review performance with supervisor and agree an improvement action.,15-Jul-2026,Ashokbhai
June 2026,306,Initiative,Below Expected,Mock evidence from recorded HOD score: 3/10.,Review performance with supervisor and agree an improvement action.,15-Jul-2026,Ashokbhai
June 2026,308,Work Quality,Developing,Mock evidence from recorded HOD score: 10/15.,Review performance with supervisor and agree an improvement action.,15-Jul-2026,Ashokbhai
June 2026,308,Productivity,Exceeds,Mock evidence from recorded HOD score: 15/15.,Continue current performance.,,Ashokbhai
June 2026,308,Teamwork,Below Expected,Mock evidence from recorded HOD score: 4/10.,Review performance with supervisor and agree an improvement action.,15-Jul-2026,Ashokbhai
June 2026,308,Initiative,Below Expected,Mock evidence from recorded HOD score: 2/10.,Review performance with supervisor and agree an improvement action.,15-Jul-2026,Ashokbhai
June 2026,317,Work Quality,Meets,Mock evidence from recorded HOD score: 12/15.,Continue current performance.,,Ashokbhai
June 2026,317,Productivity,Exceeds,Mock evidence from recorded HOD score: 15/15.,Continue current performance.,,Ashokbhai
June 2026,317,Teamwork,Exceeds,Mock evidence from recorded HOD score: 10/10.,Continue current performance.,,Ashokbhai
June 2026,317,Initiative,Exceeds,Mock evidence from recorded HOD score: 10/10.,Continue current performance.,,Ashokbhai
June 2026,318,Work Quality,Exceeds,Mock evidence from recorded HOD score: 15/15.,Continue current performance.,,Ashokbhai
June 2026,318,Productivity,Meets,Mock evidence from recorded HOD score: 12/15.,Continue current performance.,,Ashokbhai
June 2026,318,Teamwork,Exceeds,Mock evidence from recorded HOD score: 9/10.,Continue current performance.,,Ashokbhai
June 2026,318,Initiative,Meets,Mock evidence from recorded HOD score: 8/10.,Continue current performance.,,Ashokbhai
June 2026,323,Work Quality,Exceeds,Mock evidence from recorded HOD score: 14/15.,Continue current performance.,,Ashokbhai
June 2026,323,Productivity,Meets,Mock evidence from recorded HOD score: 13/15.,Continue current performance.,,Ashokbhai
June 2026,323,Teamwork,Meets,Mock evidence from recorded HOD score: 8/10.,Continue current performance.,,Ashokbhai
June 2026,323,Initiative,Exceeds,Mock evidence from recorded HOD score: 10/10.,Continue current performance.,,Ashokbhai
June 2026,322,Work Quality,Developing,Mock evidence from recorded HOD score: 8/15.,Review performance with supervisor and agree an improvement action.,15-Jul-2026,Ashokbhai
June 2026,322,Productivity,Developing,Mock evidence from recorded HOD score: 10/15.,Review performance with supervisor and agree an improvement action.,15-Jul-2026,Ashokbhai
June 2026,322,Teamwork,Exceeds,Mock evidence from recorded HOD score: 10/10.,Continue current performance.,,Ashokbhai
June 2026,322,Initiative,Exceeds,Mock evidence from recorded HOD score: 9/10.,Continue current performance.,,Ashokbhai
June 2026,321,Work Quality,Developing,Mock evidence from recorded HOD score: 7/15.,Review performance with supervisor and agree an improvement action.,15-Jul-2026,Ashokbhai
June 2026,321,Productivity,Meets,Mock evidence from recorded HOD score: 12/15.,Continue current performance.,,Ashokbhai
June 2026,321,Teamwork,Developing,Mock evidence from recorded HOD score: 5/10.,Review performance with supervisor and agree an improvement action.,15-Jul-2026,Ashokbhai
June 2026,321,Initiative,Meets,Mock evidence from recorded HOD score: 7/10.,Continue current performance.,,Ashokbhai
June 2026,332,Work Quality,Below Expected,Mock evidence from recorded HOD score: 5/15.,Review performance with supervisor and agree an improvement action.,15-Jul-2026,Ashokbhai
June 2026,332,Productivity,Meets,Mock evidence from recorded HOD score: 11/15.,Continue current performance.,,Ashokbhai
June 2026,332,Teamwork,Exceeds,Mock evidence from recorded HOD score: 10/10.,Continue current performance.,,Ashokbhai
June 2026,332,Initiative,Meets,Mock evidence from recorded HOD score: 8/10.,Continue current performance.,,Ashokbhai
June 2026,334,Work Quality,Developing,Mock evidence from recorded HOD score: 10/15.,Review performance with supervisor and agree an improvement action.,15-Jul-2026,Ashokbhai
June 2026,334,Productivity,Exceeds,Mock evidence from recorded HOD score: 15/15.,Continue current performance.,,Ashokbhai
June 2026,334,Teamwork,Exceeds,Mock evidence from recorded HOD score: 9/10.,Continue current performance.,,Ashokbhai
June 2026,334,Initiative,Meets,Mock evidence from recorded HOD score: 7/10.,Continue current performance.,,Ashokbhai
June 2026,359,Work Quality,Developing,Mock evidence from recorded HOD score: 8/15.,Review performance with supervisor and agree an improvement action.,15-Jul-2026,Ashokbhai
June 2026,359,Productivity,Developing,Mock evidence from recorded HOD score: 8/15.,Review performance with supervisor and agree an improvement action.,15-Jul-2026,Ashokbhai
June 2026,359,Teamwork,Developing,Mock evidence from recorded HOD score: 5/10.,Review performance with supervisor and agree an improvement action.,15-Jul-2026,Ashokbhai
June 2026,359,Initiative,Developing,Mock evidence from recorded HOD score: 5/10.,Review performance with supervisor and agree an improvement action.,15-Jul-2026,Ashokbhai
June 2026,369,Work Quality,Developing,Mock evidence from recorded HOD score: 10/15.,Review performance with supervisor and agree an improvement action.,15-Jul-2026,Ashokbhai
June 2026,369,Productivity,Developing,Mock evidence from recorded HOD score: 10/15.,Review performance with supervisor and agree an improvement action.,15-Jul-2026,Ashokbhai
June 2026,369,Teamwork,Below Expected,Mock evidence from recorded HOD score: 3/10.,Review performance with supervisor and agree an improvement action.,15-Jul-2026,Ashokbhai
June 2026,369,Initiative,Below Expected,Mock evidence from recorded HOD score: 0/10.,Review performance with supervisor and agree an improvement action.,15-Jul-2026,Ashokbhai
June 2026,168,Work Quality,Developing,Mock evidence from recorded HOD score: 10/15.,Review performance with supervisor and agree an improvement action.,15-Jul-2026,Ashokbhai
June 2026,168,Productivity,Exceeds,Mock evidence from recorded HOD score: 15/15.,Continue current performance.,,Ashokbhai
June 2026,168,Teamwork,Exceeds,Mock evidence from recorded HOD score: 9/10.,Continue current performance.,,Ashokbhai
June 2026,168,Initiative,Meets,Mock evidence from recorded HOD score: 7/10.,Continue current performance.,,Ashokbhai
June 2026,18,Work Quality,Meets,Mock evidence from recorded HOD score: 12/15.,Continue current performance.,,HOD_Scores_Worker_June_2026
June 2026,18,Productivity,Developing,Mock evidence from recorded HOD score: 10/15.,Review performance with supervisor and agree an improvement action.,15-Jul-2026,HOD_Scores_Worker_June_2026
June 2026,18,Teamwork,Developing,Mock evidence from recorded HOD score: 6/10.,Review performance with supervisor and agree an improvement action.,15-Jul-2026,HOD_Scores_Worker_June_2026
June 2026,18,Initiative,Below Expected,Mock evidence from recorded HOD score: 4/10.,Review performance with supervisor and agree an improvement action.,15-Jul-2026,HOD_Scores_Worker_June_2026
June 2026,62,Work Quality,Below Expected,Mock evidence from recorded HOD score: 5/15.,Review performance with supervisor and agree an improvement action.,15-Jul-2026,HOD_Scores_Worker_June_2026
June 2026,62,Productivity,Below Expected,Mock evidence from recorded HOD score: 5/15.,Review performance with supervisor and agree an improvement action.,15-Jul-2026,HOD_Scores_Worker_June_2026
June 2026,62,Teamwork,Below Expected,Mock evidence from recorded HOD score: 3/10.,Review performance with supervisor and agree an improvement action.,15-Jul-2026,HOD_Scores_Worker_June_2026
June 2026,62,Initiative,Below Expected,Mock evidence from recorded HOD score: 2/10.,Review performance with supervisor and agree an improvement action.,15-Jul-2026,HOD_Scores_Worker_June_2026
June 2026,4,Work Quality,Meets,Mock evidence from recorded HOD score: 12/15.,Continue current performance.,,HOD_Scores_Worker_June_2026
June 2026,4,Productivity,Meets,Mock evidence from recorded HOD score: 13/15.,Continue current performance.,,HOD_Scores_Worker_June_2026
June 2026,4,Teamwork,Meets,Mock evidence from recorded HOD score: 8/10.,Continue current performance.,,HOD_Scores_Worker_June_2026
June 2026,4,Initiative,Developing,Mock evidence from recorded HOD score: 6/10.,Review performance with supervisor and agree an improvement action.,15-Jul-2026,HOD_Scores_Worker_June_2026
June 2026,64,Work Quality,Below Expected,Mock evidence from recorded HOD score: 4/15.,Review performance with supervisor and agree an improvement action.,15-Jul-2026,HOD_Scores_Worker_June_2026
June 2026,64,Productivity,Below Expected,Mock evidence from recorded HOD score: 3/15.,Review performance with supervisor and agree an improvement action.,15-Jul-2026,HOD_Scores_Worker_June_2026
June 2026,64,Teamwork,Developing,Mock evidence from recorded HOD score: 5/10.,Review performance with supervisor and agree an improvement action.,15-Jul-2026,HOD_Scores_Worker_June_2026
June 2026,64,Initiative,Below Expected,Mock evidence from recorded HOD score: 3/10.,Review performance with supervisor and agree an improvement action.,15-Jul-2026,HOD_Scores_Worker_June_2026
June 2026,95,Work Quality,Developing,Mock evidence from recorded HOD score: 10/15.,Review performance with supervisor and agree an improvement action.,15-Jul-2026,HOD_Scores_Worker_June_2026
June 2026,95,Productivity,Exceeds,Mock evidence from recorded HOD score: 15/15.,Continue current performance.,,HOD_Scores_Worker_June_2026
June 2026,95,Teamwork,Below Expected,Mock evidence from recorded HOD score: 4/10.,Review performance with supervisor and agree an improvement action.,15-Jul-2026,HOD_Scores_Worker_June_2026
June 2026,95,Initiative,Below Expected,Mock evidence from recorded HOD score: 2/10.,Review performance with supervisor and agree an improvement action.,15-Jul-2026,HOD_Scores_Worker_June_2026
June 2026,87,Work Quality,Meets,Mock evidence from recorded HOD score: 12/15.,Continue current performance.,,HOD_Scores_Worker_June_2026
June 2026,87,Productivity,Exceeds,Mock evidence from recorded HOD score: 15/15.,Continue current performance.,,HOD_Scores_Worker_June_2026
June 2026,87,Teamwork,Exceeds,Mock evidence from recorded HOD score: 10/10.,Continue current performance.,,HOD_Scores_Worker_June_2026
June 2026,87,Initiative,Exceeds,Mock evidence from recorded HOD score: 10/10.,Continue current performance.,,HOD_Scores_Worker_June_2026
June 2026,88,Work Quality,Exceeds,Mock evidence from recorded HOD score: 15/15.,Continue current performance.,,HOD_Scores_Worker_June_2026
June 2026,88,Productivity,Meets,Mock evidence from recorded HOD score: 12/15.,Continue current performance.,,HOD_Scores_Worker_June_2026
June 2026,88,Teamwork,Exceeds,Mock evidence from recorded HOD score: 9/10.,Continue current performance.,,HOD_Scores_Worker_June_2026
June 2026,88,Initiative,Meets,Mock evidence from recorded HOD score: 8/10.,Continue current performance.,,HOD_Scores_Worker_June_2026
June 2026,92,Work Quality,Exceeds,Mock evidence from recorded HOD score: 14/15.,Continue current performance.,,HOD_Scores_Worker_June_2026
June 2026,92,Productivity,Meets,Mock evidence from recorded HOD score: 13/15.,Continue current performance.,,HOD_Scores_Worker_June_2026
June 2026,92,Teamwork,Meets,Mock evidence from recorded HOD score: 8/10.,Continue current performance.,,HOD_Scores_Worker_June_2026
June 2026,92,Initiative,Exceeds,Mock evidence from recorded HOD score: 10/10.,Continue current performance.,,HOD_Scores_Worker_June_2026
June 2026,151,Work Quality,Developing,Mock evidence from recorded HOD score: 8/15.,Review performance with supervisor and agree an improvement action.,15-Jul-2026,HOD_Scores_Worker_June_2026
June 2026,151,Productivity,Developing,Mock evidence from recorded HOD score: 10/15.,Review performance with supervisor and agree an improvement action.,15-Jul-2026,HOD_Scores_Worker_June_2026
June 2026,151,Teamwork,Exceeds,Mock evidence from recorded HOD score: 10/10.,Continue current performance.,,HOD_Scores_Worker_June_2026
June 2026,151,Initiative,Exceeds,Mock evidence from recorded HOD score: 9/10.,Continue current performance.,,HOD_Scores_Worker_June_2026
June 2026,35,Work Quality,Developing,Mock evidence from recorded HOD score: 7/15.,Review performance with supervisor and agree an improvement action.,15-Jul-2026,HOD_Scores_Worker_June_2026
June 2026,35,Productivity,Meets,Mock evidence from recorded HOD score: 12/15.,Continue current performance.,,HOD_Scores_Worker_June_2026
June 2026,35,Teamwork,Developing,Mock evidence from recorded HOD score: 5/10.,Review performance with supervisor and agree an improvement action.,15-Jul-2026,HOD_Scores_Worker_June_2026
June 2026,35,Initiative,Meets,Mock evidence from recorded HOD score: 7/10.,Continue current performance.,,HOD_Scores_Worker_June_2026
June 2026,337,Work Quality,Below Expected,Mock evidence from recorded HOD score: 5/15.,Review performance with supervisor and agree an improvement action.,15-Jul-2026,HOD_Scores_Worker_June_2026
June 2026,337,Productivity,Meets,Mock evidence from recorded HOD score: 11/15.,Continue current performance.,,HOD_Scores_Worker_June_2026
June 2026,337,Teamwork,Exceeds,Mock evidence from recorded HOD score: 10/10.,Continue current performance.,,HOD_Scores_Worker_June_2026
June 2026,337,Initiative,Meets,Mock evidence from recorded HOD score: 8/10.,Continue current performance.,,HOD_Scores_Worker_June_2026
June 2026,340,Work Quality,Developing,Mock evidence from recorded HOD score: 10/15.,Review performance with supervisor and agree an improvement action.,15-Jul-2026,HOD_Scores_Worker_June_2026
June 2026,340,Productivity,Exceeds,Mock evidence from recorded HOD score: 15/15.,Continue current performance.,,HOD_Scores_Worker_June_2026
June 2026,340,Teamwork,Exceeds,Mock evidence from recorded HOD score: 9/10.,Continue current performance.,,HOD_Scores_Worker_June_2026
June 2026,340,Initiative,Meets,Mock evidence from recorded HOD score: 7/10.,Continue current performance.,,HOD_Scores_Worker_June_2026
June 2026,341,Work Quality,Below Expected,Mock evidence from recorded HOD score: 4/15.,Review performance with supervisor and agree an improvement action.,15-Jul-2026,HOD_Scores_Worker_June_2026
June 2026,341,Productivity,Meets,Mock evidence from recorded HOD score: 13/15.,Continue current performance.,,HOD_Scores_Worker_June_2026
June 2026,341,Teamwork,Meets,Mock evidence from recorded HOD score: 8/10.,Continue current performance.,,HOD_Scores_Worker_June_2026
June 2026,341,Initiative,Developing,Mock evidence from recorded HOD score: 6/10.,Review performance with supervisor and agree an improvement action.,15-Jul-2026,HOD_Scores_Worker_June_2026